<?xml version="1.0" encoding="utf-8" standalone="yes"?>
<edmx:Edmx Version="1.0"
    xmlns:edmx="http://schemas.microsoft.com/ado/2007/06/edmx">
    <edmx:DataServices
        xmlns:m="http://schemas.microsoft.com/ado/2007/08/dataservices/metadata" m:DataServiceVersion="1.0">
        <Schema Namespace="NerdMeetup.Models"
            xmlns:d="http://schemas.microsoft.com/ado/2007/08/dataservices"
            xmlns:m="http://schemas.microsoft.com/ado/2007/08/dataservices/metadata"
            xmlns="http://schemas.microsoft.com/ado/2006/04/edm">
            <EntityType Name="Meetup">
                <Key>
                    <PropertyRef Name="MeetupID" />
                </Key>
                <Property Name="MeetupID" Type="Edm.Int32" Nullable="false" />
                <Property Name="Title" Type="Edm.String" Nullable="true" />
                <Property Name="EventDate" Type="Edm.DateTime" Nullable="false" />
                <Property Name="Description" Type="Edm.String" Nullable="true" />
                <Property Name="HostedBy" Type="Edm.String" Nullable="true" />
                <Property Name="ContactPhone" Type="Edm.String" Nullable="true" />
                <Property Name="Address" Type="Edm.String" Nullable="true" />
                <Property Name="Country" Type="Edm.String" Nullable="true" />
                <Property Name="Latitude" Type="Edm.Double" Nullable="false" />
                <Property Name="Longitude" Type="Edm.Double" Nullable="false" />
                <Property Name="HostedById" Type="Edm.String" Nullable="true" />
                <Property Name="Location" Type="NerdMeetup.Models.LocationDetail" Nullable="false" />
            </EntityType>
            <ComplexType Name="LocationDetail" />
            <EntityContainer Name="NerdMeetups" m:IsDefaultEntityContainer="true">
                <EntitySet Name="Meetups" EntityType="NerdMeetup.Models.Meetup" />
                <FunctionImport Name="FindUpcomingMeetups" EntitySet="Meetups" ReturnType="Collection(NerdMeetup.Models.Meetup)" m:HttpMethod="GET" />
            </EntityContainer>
        </Schema>
    </edmx:DataServices>
</edmx:Edmx>